id,group,percent_chg,num_positive,num_negative
0,1.0,1.431235160951264,0.23927055020731924,-0.23927055020731924
1,1.0,1.1449881287610113,0.3659431944347238,-0.3659431944347238
2,0.0,0.9732399094468596,-1.534146468976344,1.534146468976344
3,0.0,-1.316736348075163,-1.6608191132037486,1.6608191132037486
4,2.0,-1.3739857545132135,0.11259790597991473,-0.11259790597991473
5,2.0,-1.03048931588491,-0.2674200267022988,0.2674200267022988
6,1.0,0.05724940643805054,0.6192884828895328,-0.6192884828895328
7,1.0,0.05724940643805054,0.3659431944347238,-0.3659431944347238
8,1.0,0.05724940643805054,1.7593422809361734,-1.7593422809361734
