id,group,percent_chg,num_positive,num_negative
0,0.0,1.6961750541018588,0.05143444998736324,-0.051434449987364336
1,0.0,1.1903879144750997,0.36004114991154706,-0.3600411499115482
2,0.0,0.868523371076253,-1.0286889997472801,1.028688999747279
3,1.0,-1.2925671346017176,0.514344499873639,-0.5143444998736401
4,2.0,-1.2925671346017176,-2.1088124494819236,2.1088124494819223
5,1.0,-0.7407993459179805,0.8229511997978227,-0.8229511997978238
6,0.0,-0.1430509081772652,-0.5657789498610044,0.5657789498610033
7,1.0,-0.1430509081772652,0.6686478498357309,-0.668647849835732
8,1.0,-0.1430509081772652,1.2858612496840984,-1.2858612496840995
