id,group,percent_chg,num_positive,num_negative
0,-1.0,1.8405254345807756,0.8781235206001449,-0.8781235206001449
1,0.0,1.0675047520568497,-0.2784294089707772,0.2784294089707772
2,0.0,0.8466416999071568,-0.4711882305659309,0.4711882305659309
3,1.0,-1.0306942433652346,-1.4349823385416993,1.4349823385416993
4,1.0,-1.0306942433652346,-1.049464695351392,1.049464695351392
5,-1.0,-1.2515572955149274,0.10708823421953012,-0.10708823421953012
6,-1.0,-0.14724203476646208,-0.6639470521610846,0.6639470521610846
7,2.0,-0.14724203476646208,1.6491588069807597,-1.6491588069807597
8,2.0,-0.14724203476646208,1.263641163790452,-1.263641163790452
