id,group,percent_chg,num_positive,num_negative
0,0.0,1.4528417620882712,0.8168511100221442,-0.6847239364794029
1,0.0,1.2107014684068926,0.02513388030837358,0.09959620894245819
2,0.0,0.9685611747255141,-0.42727596524235245,0.5477791491835217
3,0.0,-1.452841762088271,0.1382363416960551,-0.012449526117807672
4,1.0,-1.0896313215662032,2.0609781852866407,-1.9172270221423273
5,0.0,-1.0896313215662032,-0.31417350385467097,0.4357334141232558
6,2.0,8.400929038580117e-17,-1.8976079632822123,2.004373704966978
7,0.0,8.400929038580117e-17,-0.42727596524235245,-0.572678201419137
8,0.0,8.400929038580117e-17,0.02513388030837358,0.09959620894245819
