id,group,percent_chg,num_positive,num_negative
0,0.0,1.9376896242404642,0.09518415125458946,-0.09518415125458946
1,0.0,1.1386821497030615,0.09518415125458946,-0.09518415125458946
2,-1.0,0.7565481401416951,-2.046459251973681,2.046459251973681
3,1.0,-0.9804246305917889,1.3801701931915518,-1.3801701931915518
4,2.0,-1.1541219076651372,-0.5473088697138917,0.5473088697138917
5,2.0,-0.9456851751771191,-0.33314452939106465,0.33314452939106465
6,-1.0,-0.25089606688372557,0.5235128319002436,-0.5235128319002436
7,2.0,-0.25089606688372557,-0.5473088697138917,0.5473088697138917
8,1.0,-0.25089606688372557,1.3801701931915518,-1.3801701931915518
