id,group,percent_chg,num_positive,num_negative
0,-1.0,1.3324197783556893,-1.1769646985527409,1.0865025563145485
1,0.0,1.2213847968260485,0.0,0.44447831849231534
2,0.0,1.1103498152964077,-0.09053574604251853,0.4938647983247948
3,1.0,-1.2213847968260485,0.5432144762551112,0.14815943949743846
4,1.0,-1.3324197783556893,1.1769646985527409,-0.1975459193299179
5,1.0,-1.1103498152964077,0.6337502222976297,0.09877295966495896
6,-1.0,3.4242664731398936e-17,-1.8107149208503706,-2.568096951288933
7,-1.0,3.4242664731398936e-17,-0.6337502222976297,0.7901836773196717
8,-1.0,3.4242664731398936e-17,1.3580361906377778,-0.2963188789948769
