id,group,percent_chg,num_positive,num_negative
0,2.0,1.4013372982850898,-1.0339763448770527,-0.20619473557895995
1,0.0,1.4013372982850898,-0.17784393131885307,1.715834763924917
2,2.0,0.9162590027248665,-1.1456457901237742,-0.7364097699248571
3,1.0,-1.2180854977401168,1.3483051537196766,-1.0015172870978055
4,0.0,-1.2180854977401168,0.00827181075901639,1.3844503674587314
5,2.0,-1.121069838628072,-1.4806541258639394,-0.9352404078045685
6,1.0,-0.05389758839558042,0.9388505211483638,-0.2724716148721971
7,1.0,-0.05389758839558042,1.2738588568885287,-0.8689635285113313
8,0.0,-0.05389758839558042,0.26883384966803364,0.9205122124060714
